{"cameraMode":{"drawMode":0,"name":"Shaded","section":"Shading Mode"},"sceneLighting":true,"audioPlay":false,"sceneViewState":{"m_AlwaysRefresh":false,"showFog":true,"showSkybox":true,"showFlares":true,"showImageEffects":true,"showParticleSystems":true,"showVisualEffectGraphs":true,"m_FxEnabled":true},"in2DMode":false,"pivot":{"x":-4.672339916229248,"y":27.70903778076172,"z":2.811412811279297},"rotation":{"x":0.7806839346885681,"y":0.005621188785880804,"z":-0.007022810634225607,"w":0.624862015247345},"size":22.453638076782228,"orthographic":false}